Alternative,Probability
9.1.,0.23016179994314728
9.2.,0.2571318717006797
9.3.,0.13751721191979158
9.4.,0.26409410600776656
9.5.,0.11109501042861496
