Alternative,Probability
8.1.,0.25324722145497003
8.2.,0.3290137092280584
8.3.,0.16600800777804037
8.4.,0.23245514764318775
8.5.,0.019275913895743443
