Alternative,Probability
8.1.-Weighted,0.25324722145497003
8.2.-Weighted,0.3290137092280584
8.3.-Weighted,0.16600800777804037
8.4.-Weighted,0.23245514764318775
8.5.-Weighted,0.019275913895743443
